id,name,email,academic_year,enrolled_course,technical_skills,soft_skills,target_career,projects_completed,readiness_rating,primary_challenge,preferred_support,learning_method
std_001,Iorgo Hakonsen,ihakonsen0@instagram.com,2nd Year,MBA,"Communication, Project Management, Business Strategy, Leadership","Communication, Problem-Solving, Adaptability, Teamwork, Leadership",Business Analyst,Yes,1,Interview anxiety,Mentorship programs,College curriculum
std_002,Emmery Duffyn,eduffyn1@dailymotion.com,Final Year,BBA,"Communication, Project Management, Business Strategy, Leadership","Communication, Problem-Solving, Adaptability, Teamwork, Leadership",Business Analyst,No,2,Lack of experience,Technical skill training,Bootcamp
std_003,Susanetta Wards,swards2@digg.com,2nd Year,B.Sc Data Science,"Data Analysis, Python, SQL, Excel, R","Communication, Problem-Solving, Adaptability, Teamwork, Leadership",Data Scientist,Yes,3,No networking opportunities,Mentorship programs,Self-study
std_004,Amanda Gussin,agussin3@webs.com,2nd Year,M.Tech AI,"Data Analysis, Python, SQL, Excel, R","Communication, Problem-Solving, Adaptability, Teamwork, Leadership",Data Scientist,No,4,Interview anxiety,Technical skill training,College curriculum
std_005,Carlina Beaven,cbeaven4@timesonline.co.uk,1st Year,B.Tech IT,"Python, JavaScript, React, SQL, FastAPI, Git","Communication, Problem-Solving, Adaptability, Teamwork, Leadership",Software Developer,Yes,5,Lack of experience,Mentorship programs,Bootcamp
std_006,Shelley Kelshaw,skelshaw5@twitpic.com,2nd Year,B.Tech IT,"Python, JavaScript, React, SQL, FastAPI, Git","Communication, Problem-Solving, Adaptability, Teamwork, Leadership",Software Developer,No,1,No networking opportunities,Technical skill training,Self-study
std_007,Abe Babst,ababst6@ft.com,Final Year,B.Tech IT,"Python, JavaScript, React, SQL, FastAPI, Git","Communication, Problem-Solving, Adaptability, Teamwork, Leadership",Software Developer,Yes,2,Interview anxiety,Mentorship programs,College curriculum
std_008,Augusto Hutchason,ahutchason7@drupal.org,1st Year,MBA,"Communication, Project Management, Business Strategy, Leadership","Communication, Problem-Solving, Adaptability, Teamwork, Leadership",Business Analyst,No,3,Lack of experience,Technical skill training,Bootcamp
std_009,Danny Garr,dgarr8@fotki.com,Final Year,B.Tech CSE,"Python, JavaScript, React, SQL, FastAPI, Git","Communication, Problem-Solving, Adaptability, Teamwork, Leadership",Full Stack Engineer,Yes,4,No networking opportunities,Mentorship programs,Self-study
std_010,Jere Basilone,jbasilone9@patch.com,2nd Year,M.Tech AI,"Data Analysis, Python, SQL, Excel, R","Communication, Problem-Solving, Adaptability, Teamwork, Leadership",Data Scientist,No,5,Interview anxiety,Technical skill training,College curriculum
std_011,Misty Tolputt,mtolputta@squidoo.com,2nd Year,B.Tech IT,"Python, JavaScript, React, SQL, FastAPI, Git","Communication, Problem-Solving, Adaptability, Teamwork, Leadership",Software Developer,Yes,1,Lack of experience,Mentorship programs,Bootcamp
std_012,Blisse Baillie,bbaillieb@psu.edu,2nd Year,M.Tech AI,"Data Analysis, Python, SQL, Excel, R","Communication, Problem-Solving, Adaptability, Teamwork, Leadership",Data Scientist,No,2,No networking opportunities,Technical skill training,Self-study
std_013,Wye Putnam,wputnamc@ameblo.jp,2nd Year,M.Tech AI,"Data Analysis, Python, SQL, Excel, R","Communication, Problem-Solving, Adaptability, Teamwork, Leadership",Data Scientist,Yes,3,Interview anxiety,Mentorship programs,College curriculum
std_014,Tory Sextie,tsextied@123-reg.co.uk,2nd Year,M.Tech AI,"Data Analysis, Python, SQL, Excel, R","Communication, Problem-Solving, Adaptability, Teamwork, Leadership",Data Scientist,No,4,Lack of experience,Technical skill training,Bootcamp
std_015,Patrice Sinnatt,psinnatte@umich.edu,3rd Year,BBA,"Communication, Project Management, Business Strategy, Leadership","Communication, Problem-Solving, Adaptability, Teamwork, Leadership",Business Analyst,Yes,5,No networking opportunities,Mentorship programs,Self-study
std_016,Harlie Walsom,hwalsomf@ovh.net,1st Year,B.Sc Data Science,"Data Analysis, Python, SQL, Excel, R","Communication, Problem-Solving, Adaptability, Teamwork, Leadership",Data Scientist,No,1,Interview anxiety,Technical skill training,College curriculum
std_017,Kain Thurgood,kthurgoodg@sogou.com,3rd Year,B.Tech CSE,"Python, JavaScript, React, SQL, FastAPI, Git","Communication, Problem-Solving, Adaptability, Teamwork, Leadership",Full Stack Engineer,Yes,2,Lack of experience,Mentorship programs,Bootcamp
std_018,Olwen Moth,omothh@wufoo.com,2nd Year,B.Sc Data Science,"Data Analysis, Python, SQL, Excel, R","Communication, Problem-Solving, Adaptability, Teamwork, Leadership",Data Scientist,No,3,No networking opportunities,Technical skill training,Self-study
std_019,Austin Corbould,acorbouldi@cbc.ca,Final Year,BBA,"Communication, Project Management, Business Strategy, Leadership","Communication, Problem-Solving, Adaptability, Teamwork, Leadership",Business Analyst,Yes,4,Interview anxiety,Mentorship programs,College curriculum
std_020,Samson Proom,sproomj@istockphoto.com,Final Year,MBA,"Communication, Project Management, Business Strategy, Leadership","Communication, Problem-Solving, Adaptability, Teamwork, Leadership",Business Analyst,No,5,Lack of experience,Technical skill training,Bootcamp
std_021,Harlen Van Der Vlies,hvank@telegraph.co.uk,2nd Year,B.Tech CSE,"Python, JavaScript, React, SQL, FastAPI, Git","Communication, Problem-Solving, Adaptability, Teamwork, Leadership",Full Stack Engineer,Yes,1,No networking opportunities,Mentorship programs,Self-study
std_022,Ash Skaife,askaifel@hubpages.com,1st Year,M.Tech AI,"Data Analysis, Python, SQL, Excel, R","Communication, Problem-Solving, Adaptability, Teamwork, Leadership",Data Scientist,No,2,Interview anxiety,Technical skill training,College curriculum
std_023,Anet Brunesco,abrunescom@indiatimes.com,Final Year,B.Tech CSE,"Python, JavaScript, React, SQL, FastAPI, Git","Communication, Problem-Solving, Adaptability, Teamwork, Leadership",Full Stack Engineer,Yes,3,Lack of experience,Mentorship programs,Bootcamp
std_024,Kilian Durnill,kdurnilln@shop-pro.jp,1st Year,BBA,"Communication, Project Management, Business Strategy, Leadership","Communication, Problem-Solving, Adaptability, Teamwork, Leadership",Business Analyst,No,4,No networking opportunities,Technical skill training,Self-study
std_025,Bard Exelby,bexelbyo@seesaa.net,1st Year,BBA,"Communication, Project Management, Business Strategy, Leadership","Communication, Problem-Solving, Adaptability, Teamwork, Leadership",Business Analyst,Yes,5,Interview anxiety,Mentorship programs,College curriculum
std_026,Pieter Sweeten,psweetenp@elegantthemes.com,1st Year,B.Tech IT,"Python, JavaScript, React, SQL, FastAPI, Git","Communication, Problem-Solving, Adaptability, Teamwork, Leadership",Software Developer,No,1,Lack of experience,Technical skill training,Bootcamp
std_027,Georgeanne Belderfield,gbelderfieldq@guardian.co.uk,2nd Year,B.Tech CSE,"Python, JavaScript, React, SQL, FastAPI, Git","Communication, Problem-Solving, Adaptability, Teamwork, Leadership",Full Stack Engineer,Yes,2,No networking opportunities,Mentorship programs,Self-study
std_028,Ellissa Semeradova,esemeradovar@ustream.tv,1st Year,B.Sc Data Science,"Data Analysis, Python, SQL, Excel, R","Communication, Problem-Solving, Adaptability, Teamwork, Leadership",Data Scientist,No,3,Interview anxiety,Technical skill training,College curriculum
std_029,Lilyan Brychan,lbrychans@icq.com,Final Year,BBA,"Communication, Project Management, Business Strategy, Leadership","Communication, Problem-Solving, Adaptability, Teamwork, Leadership",Business Analyst,Yes,4,Lack of experience,Mentorship programs,Bootcamp
std_030,Dennis Loddon,dloddont@spotify.com,3rd Year,MBA,"Communication, Project Management, Business Strategy, Leadership","Communication, Problem-Solving, Adaptability, Teamwork, Leadership",Business Analyst,No,5,No networking opportunities,Technical skill training,Self-study
std_031,Delly Dinnington,ddinningtonu@about.me,Final Year,B.Sc Data Science,"Data Analysis, Python, SQL, Excel, R","Communication, Problem-Solving, Adaptability, Teamwork, Leadership",Data Scientist,Yes,1,Interview anxiety,Mentorship programs,College curriculum
std_032,Lothaire Gaffer,lgafferv@clickbank.net,3rd Year,B.Tech CSE,"Python, JavaScript, React, SQL, FastAPI, Git","Communication, Problem-Solving, Adaptability, Teamwork, Leadership",Full Stack Engineer,No,2,Lack of experience,Technical skill training,Bootcamp
std_033,Faythe Franc,ffrancw@virginia.edu,2nd Year,MBA,"Communication, Project Management, Business Strategy, Leadership","Communication, Problem-Solving, Adaptability, Teamwork, Leadership",Business Analyst,Yes,3,No networking opportunities,Mentorship programs,Self-study
std_034,Ax Filgate,afilgatex@google.co.uk,3rd Year,B.Tech IT,"Python, JavaScript, React, SQL, FastAPI, Git","Communication, Problem-Solving, Adaptability, Teamwork, Leadership",Software Developer,No,4,Interview anxiety,Technical skill training,College curriculum
std_035,Catharina Woan,cwoany@cornell.edu,3rd Year,MBA,"Communication, Project Management, Business Strategy, Leadership","Communication, Problem-Solving, Adaptability, Teamwork, Leadership",Business Analyst,Yes,5,Lack of experience,Mentorship programs,Bootcamp
std_036,Amelita Corselles,acorsellesz@walmart.com,Final Year,MBA,"Communication, Project Management, Business Strategy, Leadership","Communication, Problem-Solving, Adaptability, Teamwork, Leadership",Business Analyst,No,1,No networking opportunities,Technical skill training,Self-study
std_037,Archy Ambrois,aambrois10@go.com,3rd Year,B.Tech CSE,"Python, JavaScript, React, SQL, FastAPI, Git","Communication, Problem-Solving, Adaptability, Teamwork, Leadership",Full Stack Engineer,Yes,2,Interview anxiety,Mentorship programs,College curriculum
std_038,Conan Vyel,cvyel11@1und1.de,2nd Year,BBA,"Communication, Project Management, Business Strategy, Leadership","Communication, Problem-Solving, Adaptability, Teamwork, Leadership",Business Analyst,No,3,Lack of experience,Technical skill training,Bootcamp
std_039,Candide Rodden,crodden12@devhub.com,1st Year,B.Tech IT,"Python, JavaScript, React, SQL, FastAPI, Git","Communication, Problem-Solving, Adaptability, Teamwork, Leadership",Software Developer,Yes,4,No networking opportunities,Mentorship programs,Self-study
std_040,Sidonia Merrin,smerrin13@posterous.com,Final Year,MBA,"Communication, Project Management, Business Strategy, Leadership","Communication, Problem-Solving, Adaptability, Teamwork, Leadership",Business Analyst,No,5,Interview anxiety,Technical skill training,College curriculum
std_041,Valaree Lawfull,vlawfull14@va.gov,3rd Year,B.Tech IT,"Python, JavaScript, React, SQL, FastAPI, Git","Communication, Problem-Solving, Adaptability, Teamwork, Leadership",Software Developer,Yes,1,Lack of experience,Mentorship programs,Bootcamp
std_042,Heindrick Michele,hmichele15@prlog.org,3rd Year,B.Sc Data Science,"Data Analysis, Python, SQL, Excel, R","Communication, Problem-Solving, Adaptability, Teamwork, Leadership",Data Scientist,No,2,No networking opportunities,Technical skill training,Self-study
std_043,Mischa Portigall,mportigall16@ycombinator.com,2nd Year,B.Tech IT,"Python, JavaScript, React, SQL, FastAPI, Git","Communication, Problem-Solving, Adaptability, Teamwork, Leadership",Software Developer,Yes,3,Interview anxiety,Mentorship programs,College curriculum
std_044,Homere Worling,hworling17@patch.com,3rd Year,BBA,"Communication, Project Management, Business Strategy, Leadership","Communication, Problem-Solving, Adaptability, Teamwork, Leadership",Business Analyst,No,4,Lack of experience,Technical skill training,Bootcamp
std_045,Lorena Ackwood,lackwood18@addtoany.com,Final Year,BBA,"Communication, Project Management, Business Strategy, Leadership","Communication, Problem-Solving, Adaptability, Teamwork, Leadership",Business Analyst,Yes,5,No networking opportunities,Mentorship programs,Self-study
std_046,Norby Larraway,nlarraway19@gnu.org,2nd Year,B.Tech CSE,"Python, JavaScript, React, SQL, FastAPI, Git","Communication, Problem-Solving, Adaptability, Teamwork, Leadership",Full Stack Engineer,No,1,Interview anxiety,Technical skill training,College curriculum
std_047,Terrie Burkart,tburkart1a@webnode.com,2nd Year,B.Tech IT,"Python, JavaScript, React, SQL, FastAPI, Git","Communication, Problem-Solving, Adaptability, Teamwork, Leadership",Software Developer,Yes,2,Lack of experience,Mentorship programs,Bootcamp
std_048,Marchall Goard,mgoard1b@themeforest.net,1st Year,BBA,"Communication, Project Management, Business Strategy, Leadership","Communication, Problem-Solving, Adaptability, Teamwork, Leadership",Business Analyst,No,3,No networking opportunities,Technical skill training,Self-study
std_049,Laure Haythorn,lhaythorn1c@blogspot.com,2nd Year,BBA,"Communication, Project Management, Business Strategy, Leadership","Communication, Problem-Solving, Adaptability, Teamwork, Leadership",Business Analyst,Yes,4,Interview anxiety,Mentorship programs,College curriculum
std_050,Glenine Cannam,gcannam1d@photobucket.com,2nd Year,B.Tech CSE,"Python, JavaScript, React, SQL, FastAPI, Git","Communication, Problem-Solving, Adaptability, Teamwork, Leadership",Full Stack Engineer,No,5,Lack of experience,Technical skill training,Bootcamp
std_051,Eal Paulig,epaulig1e@ucoz.com,Final Year,BBA,"Communication, Project Management, Business Strategy, Leadership","Communication, Problem-Solving, Adaptability, Teamwork, Leadership",Business Analyst,Yes,1,No networking opportunities,Mentorship programs,Self-study
std_052,Durant Crampsey,dcrampsey1f@istockphoto.com,Final Year,MBA,"Communication, Project Management, Business Strategy, Leadership","Communication, Problem-Solving, Adaptability, Teamwork, Leadership",Business Analyst,No,2,Interview anxiety,Technical skill training,College curriculum
std_053,Gertrud Syphas,gsyphas1g@twitpic.com,2nd Year,M.Tech AI,"Data Analysis, Python, SQL, Excel, R","Communication, Problem-Solving, Adaptability, Teamwork, Leadership",Data Scientist,Yes,3,Lack of experience,Mentorship programs,Bootcamp
std_054,Teodorico Tattoo,ttattoo1h@cdc.gov,2nd Year,M.Tech AI,"Data Analysis, Python, SQL, Excel, R","Communication, Problem-Solving, Adaptability, Teamwork, Leadership",Data Scientist,No,4,No networking opportunities,Technical skill training,Self-study
std_055,Bordy Heaslip,bheaslip1i@angelfire.com,Final Year,B.Tech IT,"Python, JavaScript, React, SQL, FastAPI, Git","Communication, Problem-Solving, Adaptability, Teamwork, Leadership",Software Developer,Yes,5,Interview anxiety,Mentorship programs,College curriculum
std_056,Baillie Loudian,bloudian1j@dot.gov,2nd Year,B.Tech CSE,"Python, JavaScript, React, SQL, FastAPI, Git","Communication, Problem-Solving, Adaptability, Teamwork, Leadership",Full Stack Engineer,No,1,Lack of experience,Technical skill training,Bootcamp
std_057,Francesca Presley,fpresley1k@facebook.com,Final Year,B.Tech IT,"Python, JavaScript, React, SQL, FastAPI, Git","Communication, Problem-Solving, Adaptability, Teamwork, Leadership",Software Developer,Yes,2,No networking opportunities,Mentorship programs,Self-study
std_058,Tami Goozee,tgoozee1l@eepurl.com,1st Year,B.Tech CSE,"Python, JavaScript, React, SQL, FastAPI, Git","Communication, Problem-Solving, Adaptability, Teamwork, Leadership",Full Stack Engineer,No,3,Interview anxiety,Technical skill training,College curriculum
std_059,Rees Cushe,rcushe1m@wp.com,2nd Year,B.Tech IT,"Python, JavaScript, React, SQL, FastAPI, Git","Communication, Problem-Solving, Adaptability, Teamwork, Leadership",Software Developer,Yes,4,Lack of experience,Mentorship programs,Bootcamp
std_060,Lavina Fisbey,lfisbey1n@shinystat.com,1st Year,MBA,"Communication, Project Management, Business Strategy, Leadership","Communication, Problem-Solving, Adaptability, Teamwork, Leadership",Business Analyst,No,5,No networking opportunities,Technical skill training,Self-study
std_061,Allie Ratlee,aratlee1o@yahoo.co.jp,Final Year,B.Tech IT,"Python, JavaScript, React, SQL, FastAPI, Git","Communication, Problem-Solving, Adaptability, Teamwork, Leadership",Software Developer,Yes,1,Interview anxiety,Mentorship programs,College curriculum
std_062,Therine Collman,tcollman1p@time.com,Final Year,B.Tech CSE,"Python, JavaScript, React, SQL, FastAPI, Git","Communication, Problem-Solving, Adaptability, Teamwork, Leadership",Full Stack Engineer,No,2,Lack of experience,Technical skill training,Bootcamp
std_063,Rozanne Petyakov,rpetyakov1q@webmd.com,Final Year,B.Tech IT,"Python, JavaScript, React, SQL, FastAPI, Git","Communication, Problem-Solving, Adaptability, Teamwork, Leadership",Software Developer,Yes,3,No networking opportunities,Mentorship programs,Self-study
std_064,Minette Tofanini,mtofanini1r@epa.gov,3rd Year,MBA,"Communication, Project Management, Business Strategy, Leadership","Communication, Problem-Solving, Adaptability, Teamwork, Leadership",Business Analyst,No,4,Interview anxiety,Technical skill training,College curriculum
std_065,Maisie Wescott,mwescott1s@nymag.com,Final Year,M.Tech AI,"Data Analysis, Python, SQL, Excel, R","Communication, Problem-Solving, Adaptability, Teamwork, Leadership",Data Scientist,Yes,5,Lack of experience,Mentorship programs,Bootcamp
std_066,Dalton Anthoine,danthoine1t@theatlantic.com,1st Year,BBA,"Communication, Project Management, Business Strategy, Leadership","Communication, Problem-Solving, Adaptability, Teamwork, Leadership",Business Analyst,No,1,No networking opportunities,Technical skill training,Self-study
std_067,Berri Ream,bream1u@xing.com,3rd Year,MBA,"Communication, Project Management, Business Strategy, Leadership","Communication, Problem-Solving, Adaptability, Teamwork, Leadership",Business Analyst,Yes,2,Interview anxiety,Mentorship programs,College curriculum
std_068,Dayna MacCumiskey,dmaccumiskey1v@amazonaws.com,1st Year,B.Tech CSE,"Python, JavaScript, React, SQL, FastAPI, Git","Communication, Problem-Solving, Adaptability, Teamwork, Leadership",Full Stack Engineer,No,3,Lack of experience,Technical skill training,Bootcamp
std_069,Cart Playhill,cplayhill1w@unicef.org,1st Year,B.Sc Data Science,"Data Analysis, Python, SQL, Excel, R","Communication, Problem-Solving, Adaptability, Teamwork, Leadership",Data Scientist,Yes,4,No networking opportunities,Mentorship programs,Self-study
std_070,Deva Housaman,dhousaman1x@npr.org,1st Year,M.Tech AI,"Data Analysis, Python, SQL, Excel, R","Communication, Problem-Solving, Adaptability, Teamwork, Leadership",Data Scientist,No,5,Interview anxiety,Technical skill training,College curriculum
std_071,Mordy Sultana,msultana1y@nps.gov,3rd Year,M.Tech AI,"Data Analysis, Python, SQL, Excel, R","Communication, Problem-Solving, Adaptability, Teamwork, Leadership",Data Scientist,Yes,1,Lack of experience,Mentorship programs,Bootcamp
std_072,Shep Blundin,sblundin1z@over-blog.com,1st Year,BBA,"Communication, Project Management, Business Strategy, Leadership","Communication, Problem-Solving, Adaptability, Teamwork, Leadership",Business Analyst,No,2,No networking opportunities,Technical skill training,Self-study
std_073,Dyanne Bezarra,dbezarra20@free.fr,Final Year,B.Sc Data Science,"Data Analysis, Python, SQL, Excel, R","Communication, Problem-Solving, Adaptability, Teamwork, Leadership",Data Scientist,Yes,3,Interview anxiety,Mentorship programs,College curriculum
std_074,Odell Shreeve,oshreeve21@gmpg.org,3rd Year,MBA,"Communication, Project Management, Business Strategy, Leadership","Communication, Problem-Solving, Adaptability, Teamwork, Leadership",Business Analyst,No,4,Lack of experience,Technical skill training,Bootcamp
std_075,Dorry Feacham,dfeacham22@ft.com,3rd Year,MBA,"Communication, Project Management, Business Strategy, Leadership","Communication, Problem-Solving, Adaptability, Teamwork, Leadership",Business Analyst,Yes,5,No networking opportunities,Mentorship programs,Self-study
std_076,Cam Norbury,cnorbury23@paypal.com,3rd Year,BBA,"Communication, Project Management, Business Strategy, Leadership","Communication, Problem-Solving, Adaptability, Teamwork, Leadership",Business Analyst,No,1,Interview anxiety,Technical skill training,College curriculum
std_077,Abram Holbury,aholbury24@bbc.co.uk,3rd Year,MBA,"Communication, Project Management, Business Strategy, Leadership","Communication, Problem-Solving, Adaptability, Teamwork, Leadership",Business Analyst,Yes,2,Lack of experience,Mentorship programs,Bootcamp
std_078,Kathi Sigars,ksigars25@msu.edu,Final Year,B.Tech IT,"Python, JavaScript, React, SQL, FastAPI, Git","Communication, Problem-Solving, Adaptability, Teamwork, Leadership",Software Developer,No,3,No networking opportunities,Technical skill training,Self-study
std_079,Justino MacGillespie,jmacgillespie26@ameblo.jp,Final Year,M.Tech AI,"Data Analysis, Python, SQL, Excel, R","Communication, Problem-Solving, Adaptability, Teamwork, Leadership",Data Scientist,Yes,4,Interview anxiety,Mentorship programs,College curriculum
std_080,Garry Revie,grevie27@stanford.edu,Final Year,M.Tech AI,"Data Analysis, Python, SQL, Excel, R","Communication, Problem-Solving, Adaptability, Teamwork, Leadership",Data Scientist,No,5,Lack of experience,Technical skill training,Bootcamp
std_081,Ashley Greiser,agreiser28@tinyurl.com,Final Year,B.Tech CSE,"Python, JavaScript, React, SQL, FastAPI, Git","Communication, Problem-Solving, Adaptability, Teamwork, Leadership",Full Stack Engineer,Yes,1,No networking opportunities,Mentorship programs,Self-study
std_082,Gaven Jackson,gjackson29@infoseek.co.jp,1st Year,B.Sc Data Science,"Data Analysis, Python, SQL, Excel, R","Communication, Problem-Solving, Adaptability, Teamwork, Leadership",Data Scientist,No,2,Interview anxiety,Technical skill training,College curriculum
std_083,Jarid Tabor,jtabor2a@people.com.cn,1st Year,BBA,"Communication, Project Management, Business Strategy, Leadership","Communication, Problem-Solving, Adaptability, Teamwork, Leadership",Business Analyst,Yes,3,Lack of experience,Mentorship programs,Bootcamp
std_084,Yard Peasey,ypeasey2b@europa.eu,1st Year,BBA,"Communication, Project Management, Business Strategy, Leadership","Communication, Problem-Solving, Adaptability, Teamwork, Leadership",Business Analyst,No,4,No networking opportunities,Technical skill training,Self-study
std_085,Arnie Croysdale,acroysdale2c@nasa.gov,3rd Year,B.Tech IT,"Python, JavaScript, React, SQL, FastAPI, Git","Communication, Problem-Solving, Adaptability, Teamwork, Leadership",Software Developer,Yes,5,Interview anxiety,Mentorship programs,College curriculum
std_086,Del Hullins,dhullins2d@geocities.jp,3rd Year,B.Sc Data Science,"Data Analysis, Python, SQL, Excel, R","Communication, Problem-Solving, Adaptability, Teamwork, Leadership",Data Scientist,No,1,Lack of experience,Technical skill training,Bootcamp
std_087,Pansie Flynn,pflynn2e@disqus.com,2nd Year,MBA,"Communication, Project Management, Business Strategy, Leadership","Communication, Problem-Solving, Adaptability, Teamwork, Leadership",Business Analyst,Yes,2,No networking opportunities,Mentorship programs,Self-study
std_088,Hershel Crowd,hcrowd2f@google.de,Final Year,M.Tech AI,"Data Analysis, Python, SQL, Excel, R","Communication, Problem-Solving, Adaptability, Teamwork, Leadership",Data Scientist,No,3,Interview anxiety,Technical skill training,College curriculum
std_089,Ashlen Dowd,adowd2g@msn.com,1st Year,BBA,"Communication, Project Management, Business Strategy, Leadership","Communication, Problem-Solving, Adaptability, Teamwork, Leadership",Business Analyst,Yes,4,Lack of experience,Mentorship programs,Bootcamp
std_090,Berky Cockshot,bcockshot2h@vkontakte.ru,2nd Year,MBA,"Communication, Project Management, Business Strategy, Leadership","Communication, Problem-Solving, Adaptability, Teamwork, Leadership",Business Analyst,No,5,No networking opportunities,Technical skill training,Self-study
std_091,Charles Le Cornu,cle2i@newsvine.com,2nd Year,B.Sc Data Science,"Data Analysis, Python, SQL, Excel, R","Communication, Problem-Solving, Adaptability, Teamwork, Leadership",Data Scientist,Yes,1,Interview anxiety,Mentorship programs,College curriculum
std_092,Onfre Pfleger,opfleger2j@cpanel.net,Final Year,MBA,"Communication, Project Management, Business Strategy, Leadership","Communication, Problem-Solving, Adaptability, Teamwork, Leadership",Business Analyst,No,2,Lack of experience,Technical skill training,Bootcamp
std_093,Annie Kynder,akynder2k@house.gov,2nd Year,MBA,"Communication, Project Management, Business Strategy, Leadership","Communication, Problem-Solving, Adaptability, Teamwork, Leadership",Business Analyst,Yes,3,No networking opportunities,Mentorship programs,Self-study
std_094,Suzie Kisar,skisar2l@google.nl,Final Year,BBA,"Communication, Project Management, Business Strategy, Leadership","Communication, Problem-Solving, Adaptability, Teamwork, Leadership",Business Analyst,No,4,Interview anxiety,Technical skill training,College curriculum
std_095,Andres Matterdace,amatterdace2m@dell.com,Final Year,B.Tech CSE,"Python, JavaScript, React, SQL, FastAPI, Git","Communication, Problem-Solving, Adaptability, Teamwork, Leadership",Full Stack Engineer,Yes,5,Lack of experience,Mentorship programs,Bootcamp
std_096,Dallas Henderson,dhenderson2n@quantcast.com,Final Year,M.Tech AI,"Data Analysis, Python, SQL, Excel, R","Communication, Problem-Solving, Adaptability, Teamwork, Leadership",Data Scientist,No,1,No networking opportunities,Technical skill training,Self-study
std_097,Eula Pendlenton,ependlenton2o@booking.com,1st Year,B.Tech CSE,"Python, JavaScript, React, SQL, FastAPI, Git","Communication, Problem-Solving, Adaptability, Teamwork, Leadership",Full Stack Engineer,Yes,2,Interview anxiety,Mentorship programs,College curriculum
std_098,Syd Scapelhorn,sscapelhorn2p@youtu.be,1st Year,B.Tech IT,"Python, JavaScript, React, SQL, FastAPI, Git","Communication, Problem-Solving, Adaptability, Teamwork, Leadership",Software Developer,No,3,Lack of experience,Technical skill training,Bootcamp
std_099,Frederica O'Gaven,fogaven2q@desdev.cn,2nd Year,B.Tech IT,"Python, JavaScript, React, SQL, FastAPI, Git","Communication, Problem-Solving, Adaptability, Teamwork, Leadership",Software Developer,Yes,4,No networking opportunities,Mentorship programs,Self-study
std_100,Norah Baldini,nbaldini2r@51.la,Final Year,B.Tech CSE,"Python, JavaScript, React, SQL, FastAPI, Git","Communication, Problem-Solving, Adaptability, Teamwork, Leadership",Full Stack Engineer,No,5,Interview anxiety,Technical skill training,College curriculum
std_101,Wanids Shaxby,wshaxby2s@phoca.cz,3rd Year,MBA,"Communication, Project Management, Business Strategy, Leadership","Communication, Problem-Solving, Adaptability, Teamwork, Leadership",Business Analyst,Yes,1,Lack of experience,Mentorship programs,Bootcamp
std_102,Emalee Lythgoe,elythgoe2t@com.com,Final Year,MBA,"Communication, Project Management, Business Strategy, Leadership","Communication, Problem-Solving, Adaptability, Teamwork, Leadership",Business Analyst,No,2,No networking opportunities,Technical skill training,Self-study
std_103,Rayna Dandie,rdandie2u@delicious.com,Final Year,BBA,"Communication, Project Management, Business Strategy, Leadership","Communication, Problem-Solving, Adaptability, Teamwork, Leadership",Business Analyst,Yes,3,Interview anxiety,Mentorship programs,College curriculum
std_104,Odette Zanotti,ozanotti2v@pen.io,3rd Year,B.Tech IT,"Python, JavaScript, React, SQL, FastAPI, Git","Communication, Problem-Solving, Adaptability, Teamwork, Leadership",Software Developer,No,4,Lack of experience,Technical skill training,Bootcamp
std_105,Kiri Greedier,kgreedier2w@ehow.com,3rd Year,B.Sc Data Science,"Data Analysis, Python, SQL, Excel, R","Communication, Problem-Solving, Adaptability, Teamwork, Leadership",Data Scientist,Yes,5,No networking opportunities,Mentorship programs,Self-study
std_106,Darya Clint,dclint2x@unc.edu,1st Year,M.Tech AI,"Data Analysis, Python, SQL, Excel, R","Communication, Problem-Solving, Adaptability, Teamwork, Leadership",Data Scientist,No,1,Interview anxiety,Technical skill training,College curriculum
std_107,Mathew Clemmow,mclemmow2y@mysql.com,1st Year,B.Tech IT,"Python, JavaScript, React, SQL, FastAPI, Git","Communication, Problem-Solving, Adaptability, Teamwork, Leadership",Software Developer,Yes,2,Lack of experience,Mentorship programs,Bootcamp
std_108,Vina Tupie,vtupie2z@globo.com,Final Year,B.Tech IT,"Python, JavaScript, React, SQL, FastAPI, Git","Communication, Problem-Solving, Adaptability, Teamwork, Leadership",Software Developer,No,3,No networking opportunities,Technical skill training,Self-study
std_109,Dill Walkey,dwalkey30@disqus.com,3rd Year,BBA,"Communication, Project Management, Business Strategy, Leadership","Communication, Problem-Solving, Adaptability, Teamwork, Leadership",Business Analyst,Yes,4,Interview anxiety,Mentorship programs,College curriculum
std_110,Janaya Balint,jbalint31@ehow.com,1st Year,M.Tech AI,"Data Analysis, Python, SQL, Excel, R","Communication, Problem-Solving, Adaptability, Teamwork, Leadership",Data Scientist,No,5,Lack of experience,Technical skill training,Bootcamp
std_111,Oliviero Soitoux,osoitoux32@uol.com.br,2nd Year,MBA,"Communication, Project Management, Business Strategy, Leadership","Communication, Problem-Solving, Adaptability, Teamwork, Leadership",Business Analyst,Yes,1,No networking opportunities,Mentorship programs,Self-study
std_112,Jaime Tuxwell,jtuxwell33@msn.com,3rd Year,MBA,"Communication, Project Management, Business Strategy, Leadership","Communication, Problem-Solving, Adaptability, Teamwork, Leadership",Business Analyst,No,2,Interview anxiety,Technical skill training,College curriculum
std_113,Westbrooke Graalman,wgraalman34@themeforest.net,2nd Year,B.Tech CSE,"Python, JavaScript, React, SQL, FastAPI, Git","Communication, Problem-Solving, Adaptability, Teamwork, Leadership",Full Stack Engineer,Yes,3,Lack of experience,Mentorship programs,Bootcamp
std_114,Kingsley Lesser,klesser35@accuweather.com,Final Year,B.Tech CSE,"Python, JavaScript, React, SQL, FastAPI, Git","Communication, Problem-Solving, Adaptability, Teamwork, Leadership",Full Stack Engineer,No,4,No networking opportunities,Technical skill training,Self-study
std_115,Prudi Sterman,psterman36@ebay.com,Final Year,B.Tech IT,"Python, JavaScript, React, SQL, FastAPI, Git","Communication, Problem-Solving, Adaptability, Teamwork, Leadership",Software Developer,Yes,5,Interview anxiety,Mentorship programs,College curriculum
std_116,Bobbie Gosenell,bgosenell37@admin.ch,2nd Year,B.Tech CSE,"Python, JavaScript, React, SQL, FastAPI, Git","Communication, Problem-Solving, Adaptability, Teamwork, Leadership",Full Stack Engineer,No,1,Lack of experience,Technical skill training,Bootcamp
std_117,Dorothee Pople,dpople38@blogger.com,3rd Year,M.Tech AI,"Data Analysis, Python, SQL, Excel, R","Communication, Problem-Solving, Adaptability, Teamwork, Leadership",Data Scientist,Yes,2,No networking opportunities,Mentorship programs,Self-study
std_118,Gregoire Ivchenko,givchenko39@yandex.ru,3rd Year,BBA,"Communication, Project Management, Business Strategy, Leadership","Communication, Problem-Solving, Adaptability, Teamwork, Leadership",Business Analyst,No,3,Interview anxiety,Technical skill training,College curriculum
std_119,Alisun Geipel,ageipel3a@mit.edu,3rd Year,M.Tech AI,"Data Analysis, Python, SQL, Excel, R","Communication, Problem-Solving, Adaptability, Teamwork, Leadership",Data Scientist,Yes,4,Lack of experience,Mentorship programs,Bootcamp
std_120,Dietrich Bumphries,dbumphries3b@bloomberg.com,3rd Year,BBA,"Communication, Project Management, Business Strategy, Leadership","Communication, Problem-Solving, Adaptability, Teamwork, Leadership",Business Analyst,No,5,No networking opportunities,Technical skill training,Self-study
std_121,Katha Trenouth,ktrenouth3c@elegantthemes.com,Final Year,M.Tech AI,"Data Analysis, Python, SQL, Excel, R","Communication, Problem-Solving, Adaptability, Teamwork, Leadership",Data Scientist,Yes,1,Interview anxiety,Mentorship programs,College curriculum
std_122,Amanda Bourner,abourner3d@usda.gov,Final Year,M.Tech AI,"Data Analysis, Python, SQL, Excel, R","Communication, Problem-Solving, Adaptability, Teamwork, Leadership",Data Scientist,No,2,Lack of experience,Technical skill training,Bootcamp
std_123,Julian Fetteplace,jfetteplace3e@nymag.com,1st Year,MBA,"Communication, Project Management, Business Strategy, Leadership","Communication, Problem-Solving, Adaptability, Teamwork, Leadership",Business Analyst,Yes,3,No networking opportunities,Mentorship programs,Self-study
std_124,Jeremias Node,jnode3f@live.com,Final Year,M.Tech AI,"Data Analysis, Python, SQL, Excel, R","Communication, Problem-Solving, Adaptability, Teamwork, Leadership",Data Scientist,No,4,Interview anxiety,Technical skill training,College curriculum
std_125,Randa Pressman,rpressman3g@google.com.br,Final Year,BBA,"Communication, Project Management, Business Strategy, Leadership","Communication, Problem-Solving, Adaptability, Teamwork, Leadership",Business Analyst,Yes,5,Lack of experience,Mentorship programs,Bootcamp
std_126,Madelon Poyntz,mpoyntz3h@cbsnews.com,1st Year,B.Sc Data Science,"Data Analysis, Python, SQL, Excel, R","Communication, Problem-Solving, Adaptability, Teamwork, Leadership",Data Scientist,No,1,No networking opportunities,Technical skill training,Self-study
std_127,Ira Doram,idoram3i@arstechnica.com,3rd Year,BBA,"Communication, Project Management, Business Strategy, Leadership","Communication, Problem-Solving, Adaptability, Teamwork, Leadership",Business Analyst,Yes,2,Interview anxiety,Mentorship programs,College curriculum
std_128,Ferdinanda Birth,fbirth3j@wikimedia.org,2nd Year,B.Tech IT,"Python, JavaScript, React, SQL, FastAPI, Git","Communication, Problem-Solving, Adaptability, Teamwork, Leadership",Software Developer,No,3,Lack of experience,Technical skill training,Bootcamp
std_129,Ingar Lilburn,ililburn3k@youku.com,3rd Year,B.Tech IT,"Python, JavaScript, React, SQL, FastAPI, Git","Communication, Problem-Solving, Adaptability, Teamwork, Leadership",Software Developer,Yes,4,No networking opportunities,Mentorship programs,Self-study
std_130,Nelie Audiss,naudiss3l@devhub.com,2nd Year,BBA,"Communication, Project Management, Business Strategy, Leadership","Communication, Problem-Solving, Adaptability, Teamwork, Leadership",Business Analyst,No,5,Interview anxiety,Technical skill training,College curriculum
std_131,Harri Rodder,hrodder3m@house.gov,2nd Year,B.Sc Data Science,"Data Analysis, Python, SQL, Excel, R","Communication, Problem-Solving, Adaptability, Teamwork, Leadership",Data Scientist,Yes,1,Lack of experience,Mentorship programs,Bootcamp
std_132,Cindelyn O'Henery,cohenery3n@shinystat.com,Final Year,B.Sc Data Science,"Data Analysis, Python, SQL, Excel, R","Communication, Problem-Solving, Adaptability, Teamwork, Leadership",Data Scientist,No,2,No networking opportunities,Technical skill training,Self-study
std_133,Letisha Rabjohns,lrabjohns3o@yelp.com,1st Year,B.Sc Data Science,"Data Analysis, Python, SQL, Excel, R","Communication, Problem-Solving, Adaptability, Teamwork, Leadership",Data Scientist,Yes,3,Interview anxiety,Mentorship programs,College curriculum
std_134,Samson Buckby,sbuckby3p@photobucket.com,1st Year,B.Tech CSE,"Python, JavaScript, React, SQL, FastAPI, Git","Communication, Problem-Solving, Adaptability, Teamwork, Leadership",Full Stack Engineer,No,4,Lack of experience,Technical skill training,Bootcamp
std_135,Barbra Tindle,btindle3q@mapquest.com,2nd Year,B.Tech CSE,"Python, JavaScript, React, SQL, FastAPI, Git","Communication, Problem-Solving, Adaptability, Teamwork, Leadership",Full Stack Engineer,Yes,5,No networking opportunities,Mentorship programs,Self-study
std_136,Ellis Spracklin,espracklin3r@hao123.com,Final Year,MBA,"Communication, Project Management, Business Strategy, Leadership","Communication, Problem-Solving, Adaptability, Teamwork, Leadership",Business Analyst,No,1,Interview anxiety,Technical skill training,College curriculum
std_137,Valeria Watford,vwatford3s@kickstarter.com,2nd Year,B.Tech CSE,"Python, JavaScript, React, SQL, FastAPI, Git","Communication, Problem-Solving, Adaptability, Teamwork, Leadership",Full Stack Engineer,Yes,2,Lack of experience,Mentorship programs,Bootcamp
std_138,Eileen Stephenson,estephenson3t@webnode.com,2nd Year,B.Tech IT,"Python, JavaScript, React, SQL, FastAPI, Git","Communication, Problem-Solving, Adaptability, Teamwork, Leadership",Software Developer,No,3,No networking opportunities,Technical skill training,Self-study
std_139,Suzy Hatry,shatry3u@squidoo.com,Final Year,M.Tech AI,"Data Analysis, Python, SQL, Excel, R","Communication, Problem-Solving, Adaptability, Teamwork, Leadership",Data Scientist,Yes,4,Interview anxiety,Mentorship programs,College curriculum
std_140,Lelia Beange,lbeange3v@yandex.ru,2nd Year,B.Sc Data Science,"Data Analysis, Python, SQL, Excel, R","Communication, Problem-Solving, Adaptability, Teamwork, Leadership",Data Scientist,No,5,Lack of experience,Technical skill training,Bootcamp
std_141,Atlanta Fyfe,afyfe3w@china.com.cn,3rd Year,B.Tech IT,"Python, JavaScript, React, SQL, FastAPI, Git","Communication, Problem-Solving, Adaptability, Teamwork, Leadership",Software Developer,Yes,1,No networking opportunities,Mentorship programs,Self-study
std_142,Janella Codlin,jcodlin3x@apache.org,2nd Year,M.Tech AI,"Data Analysis, Python, SQL, Excel, R","Communication, Problem-Solving, Adaptability, Teamwork, Leadership",Data Scientist,No,2,Interview anxiety,Technical skill training,College curriculum
std_143,Keeley Crosse,kcrosse3y@auda.org.au,3rd Year,BBA,"Communication, Project Management, Business Strategy, Leadership","Communication, Problem-Solving, Adaptability, Teamwork, Leadership",Business Analyst,Yes,3,Lack of experience,Mentorship programs,Bootcamp
std_144,Jada Bidder,jbidder3z@marketwatch.com,Final Year,B.Tech CSE,"Python, JavaScript, React, SQL, FastAPI, Git","Communication, Problem-Solving, Adaptability, Teamwork, Leadership",Full Stack Engineer,No,4,No networking opportunities,Technical skill training,Self-study
std_145,Bari Meaney,bmeaney40@example.com,3rd Year,MBA,"Communication, Project Management, Business Strategy, Leadership","Communication, Problem-Solving, Adaptability, Teamwork, Leadership",Business Analyst,Yes,5,Interview anxiety,Mentorship programs,College curriculum
std_146,Monika Porritt,mporritt41@cornell.edu,1st Year,MBA,"Communication, Project Management, Business Strategy, Leadership","Communication, Problem-Solving, Adaptability, Teamwork, Leadership",Business Analyst,No,1,Lack of experience,Technical skill training,Bootcamp
std_147,Korney Simonian,ksimonian42@bloglovin.com,Final Year,M.Tech AI,"Data Analysis, Python, SQL, Excel, R","Communication, Problem-Solving, Adaptability, Teamwork, Leadership",Data Scientist,Yes,2,No networking opportunities,Mentorship programs,Self-study
std_148,Shelden Thrussell,sthrussell43@tinypic.com,2nd Year,MBA,"Communication, Project Management, Business Strategy, Leadership","Communication, Problem-Solving, Adaptability, Teamwork, Leadership",Business Analyst,No,3,Interview anxiety,Technical skill training,College curriculum
std_149,Sonnie Linnell,slinnell44@nyu.edu,1st Year,B.Sc Data Science,"Data Analysis, Python, SQL, Excel, R","Communication, Problem-Solving, Adaptability, Teamwork, Leadership",Data Scientist,Yes,4,Lack of experience,Mentorship programs,Bootcamp
std_150,Maribelle Pinnington,mpinnington45@hugedomains.com,3rd Year,B.Tech IT,"Python, JavaScript, React, SQL, FastAPI, Git","Communication, Problem-Solving, Adaptability, Teamwork, Leadership",Software Developer,No,5,No networking opportunities,Technical skill training,Self-study
std_151,Nadean Mandifield,nmandifield46@tripadvisor.com,1st Year,B.Tech CSE,"Python, JavaScript, React, SQL, FastAPI, Git","Communication, Problem-Solving, Adaptability, Teamwork, Leadership",Full Stack Engineer,Yes,1,Interview anxiety,Mentorship programs,College curriculum
std_152,Thaddus Starrs,tstarrs47@cbc.ca,3rd Year,B.Sc Data Science,"Data Analysis, Python, SQL, Excel, R","Communication, Problem-Solving, Adaptability, Teamwork, Leadership",Data Scientist,No,2,Lack of experience,Technical skill training,Bootcamp
std_153,Kelli Edlington,kedlington48@twitter.com,Final Year,BBA,"Communication, Project Management, Business Strategy, Leadership","Communication, Problem-Solving, Adaptability, Teamwork, Leadership",Business Analyst,Yes,3,No networking opportunities,Mentorship programs,Self-study
std_154,Vinny Raithbie,vraithbie49@tinypic.com,3rd Year,M.Tech AI,"Data Analysis, Python, SQL, Excel, R","Communication, Problem-Solving, Adaptability, Teamwork, Leadership",Data Scientist,No,4,Interview anxiety,Technical skill training,College curriculum
std_155,Crosby Whittingham,cwhittingham4a@java.com,3rd Year,B.Tech CSE,"Python, JavaScript, React, SQL, FastAPI, Git","Communication, Problem-Solving, Adaptability, Teamwork, Leadership",Full Stack Engineer,Yes,5,Lack of experience,Mentorship programs,Bootcamp
std_156,Mendel Owens,mowens4b@ft.com,3rd Year,MBA,"Communication, Project Management, Business Strategy, Leadership","Communication, Problem-Solving, Adaptability, Teamwork, Leadership",Business Analyst,No,1,No networking opportunities,Technical skill training,Self-study
std_157,Stefania Rosen,srosen4c@gmpg.org,3rd Year,M.Tech AI,"Data Analysis, Python, SQL, Excel, R","Communication, Problem-Solving, Adaptability, Teamwork, Leadership",Data Scientist,Yes,2,Interview anxiety,Mentorship programs,College curriculum
std_158,Jacynth McNally,jmcnally4d@exblog.jp,2nd Year,B.Tech IT,"Python, JavaScript, React, SQL, FastAPI, Git","Communication, Problem-Solving, Adaptability, Teamwork, Leadership",Software Developer,No,3,Lack of experience,Technical skill training,Bootcamp
std_159,Britta Minthorpe,bminthorpe4e@4shared.com,2nd Year,M.Tech AI,"Data Analysis, Python, SQL, Excel, R","Communication, Problem-Solving, Adaptability, Teamwork, Leadership",Data Scientist,Yes,4,No networking opportunities,Mentorship programs,Self-study
std_160,Janela Janota,jjanota4f@hubpages.com,2nd Year,B.Tech IT,"Python, JavaScript, React, SQL, FastAPI, Git","Communication, Problem-Solving, Adaptability, Teamwork, Leadership",Software Developer,No,5,Interview anxiety,Technical skill training,College curriculum
std_161,Kean Simpole,ksimpole4g@washington.edu,2nd Year,M.Tech AI,"Data Analysis, Python, SQL, Excel, R","Communication, Problem-Solving, Adaptability, Teamwork, Leadership",Data Scientist,Yes,1,Lack of experience,Mentorship programs,Bootcamp
std_162,Charis Chiverton,cchiverton4h@usda.gov,3rd Year,B.Tech CSE,"Python, JavaScript, React, SQL, FastAPI, Git","Communication, Problem-Solving, Adaptability, Teamwork, Leadership",Full Stack Engineer,No,2,No networking opportunities,Technical skill training,Self-study
std_163,Lammond Antonovic,lantonovic4i@artisteer.com,Final Year,BBA,"Communication, Project Management, Business Strategy, Leadership","Communication, Problem-Solving, Adaptability, Teamwork, Leadership",Business Analyst,Yes,3,Interview anxiety,Mentorship programs,College curriculum
std_164,Brantley Timlett,btimlett4j@liveinternet.ru,2nd Year,BBA,"Communication, Project Management, Business Strategy, Leadership","Communication, Problem-Solving, Adaptability, Teamwork, Leadership",Business Analyst,No,4,Lack of experience,Technical skill training,Bootcamp
std_165,Doll Claypole,dclaypole4k@themeforest.net,3rd Year,B.Tech IT,"Python, JavaScript, React, SQL, FastAPI, Git","Communication, Problem-Solving, Adaptability, Teamwork, Leadership",Software Developer,Yes,5,No networking opportunities,Mentorship programs,Self-study
std_166,Wandis Spybey,wspybey4l@toplist.cz,3rd Year,BBA,"Communication, Project Management, Business Strategy, Leadership","Communication, Problem-Solving, Adaptability, Teamwork, Leadership",Business Analyst,No,1,Interview anxiety,Technical skill training,College curriculum
std_167,Lindsey McShane,lmcshane4m@4shared.com,1st Year,M.Tech AI,"Data Analysis, Python, SQL, Excel, R","Communication, Problem-Solving, Adaptability, Teamwork, Leadership",Data Scientist,Yes,2,Lack of experience,Mentorship programs,Bootcamp
std_168,Jarad Tortis,jtortis4n@linkedin.com,Final Year,B.Tech CSE,"Python, JavaScript, React, SQL, FastAPI, Git","Communication, Problem-Solving, Adaptability, Teamwork, Leadership",Full Stack Engineer,No,3,No networking opportunities,Technical skill training,Self-study
std_169,Nevins McCardle,nmccardle4o@biglobe.ne.jp,2nd Year,B.Tech IT,"Python, JavaScript, React, SQL, FastAPI, Git","Communication, Problem-Solving, Adaptability, Teamwork, Leadership",Software Developer,Yes,4,Interview anxiety,Mentorship programs,College curriculum
std_170,Shaun Offin,soffin4p@si.edu,Final Year,BBA,"Communication, Project Management, Business Strategy, Leadership","Communication, Problem-Solving, Adaptability, Teamwork, Leadership",Business Analyst,No,5,Lack of experience,Technical skill training,Bootcamp
std_171,Roseline Claypoole,rclaypoole4q@imageshack.us,2nd Year,B.Tech CSE,"Python, JavaScript, React, SQL, FastAPI, Git","Communication, Problem-Solving, Adaptability, Teamwork, Leadership",Full Stack Engineer,Yes,1,No networking opportunities,Mentorship programs,Self-study
std_172,Prudence Peret,pperet4r@is.gd,1st Year,MBA,"Communication, Project Management, Business Strategy, Leadership","Communication, Problem-Solving, Adaptability, Teamwork, Leadership",Business Analyst,No,2,Interview anxiety,Technical skill training,College curriculum
std_173,Scottie Rebeiro,srebeiro4s@dailymail.co.uk,Final Year,M.Tech AI,"Data Analysis, Python, SQL, Excel, R","Communication, Problem-Solving, Adaptability, Teamwork, Leadership",Data Scientist,Yes,3,Lack of experience,Mentorship programs,Bootcamp
std_174,Hadley Kildale,hkildale4t@arstechnica.com,Final Year,B.Tech CSE,"Python, JavaScript, React, SQL, FastAPI, Git","Communication, Problem-Solving, Adaptability, Teamwork, Leadership",Full Stack Engineer,No,4,No networking opportunities,Technical skill training,Self-study
std_175,Dagny Pady,dpady4u@hostgator.com,1st Year,B.Tech CSE,"Python, JavaScript, React, SQL, FastAPI, Git","Communication, Problem-Solving, Adaptability, Teamwork, Leadership",Full Stack Engineer,Yes,5,Interview anxiety,Mentorship programs,College curriculum
std_176,Pancho Pfeifer,ppfeifer4v@squarespace.com,Final Year,B.Tech CSE,"Python, JavaScript, React, SQL, FastAPI, Git","Communication, Problem-Solving, Adaptability, Teamwork, Leadership",Full Stack Engineer,No,1,Lack of experience,Technical skill training,Bootcamp
std_177,Aldin Haglinton,ahaglinton4w@yellowpages.com,2nd Year,M.Tech AI,"Data Analysis, Python, SQL, Excel, R","Communication, Problem-Solving, Adaptability, Teamwork, Leadership",Data Scientist,Yes,2,No networking opportunities,Mentorship programs,Self-study
std_178,Alexandra Sartain,asartain4x@kickstarter.com,Final Year,B.Tech IT,"Python, JavaScript, React, SQL, FastAPI, Git","Communication, Problem-Solving, Adaptability, Teamwork, Leadership",Software Developer,No,3,Interview anxiety,Technical skill training,College curriculum
std_179,Darius Medlicott,dmedlicott4y@businessweek.com,2nd Year,B.Sc Data Science,"Data Analysis, Python, SQL, Excel, R","Communication, Problem-Solving, Adaptability, Teamwork, Leadership",Data Scientist,Yes,4,Lack of experience,Mentorship programs,Bootcamp
std_180,Adel Cockman,acockman4z@oaic.gov.au,2nd Year,B.Tech IT,"Python, JavaScript, React, SQL, FastAPI, Git","Communication, Problem-Solving, Adaptability, Teamwork, Leadership",Software Developer,No,5,No networking opportunities,Technical skill training,Self-study
std_181,Midge Joly,mjoly50@japanpost.jp,3rd Year,B.Sc Data Science,"Data Analysis, Python, SQL, Excel, R","Communication, Problem-Solving, Adaptability, Teamwork, Leadership",Data Scientist,Yes,1,Interview anxiety,Mentorship programs,College curriculum
std_182,Mylo Stockill,mstockill51@cdbaby.com,Final Year,B.Sc Data Science,"Data Analysis, Python, SQL, Excel, R","Communication, Problem-Solving, Adaptability, Teamwork, Leadership",Data Scientist,No,2,Lack of experience,Technical skill training,Bootcamp
std_183,Sigrid Stiff,sstiff52@imgur.com,3rd Year,M.Tech AI,"Data Analysis, Python, SQL, Excel, R","Communication, Problem-Solving, Adaptability, Teamwork, Leadership",Data Scientist,Yes,3,No networking opportunities,Mentorship programs,Self-study
std_184,Shaun Cunniffe,scunniffe53@sogou.com,2nd Year,M.Tech AI,"Data Analysis, Python, SQL, Excel, R","Communication, Problem-Solving, Adaptability, Teamwork, Leadership",Data Scientist,No,4,Interview anxiety,Technical skill training,College curriculum
std_185,Tommi Roscoe,troscoe54@cam.ac.uk,1st Year,MBA,"Communication, Project Management, Business Strategy, Leadership","Communication, Problem-Solving, Adaptability, Teamwork, Leadership",Business Analyst,Yes,5,Lack of experience,Mentorship programs,Bootcamp
std_186,Fanchon Dungate,fdungate55@moonfruit.com,Final Year,BBA,"Communication, Project Management, Business Strategy, Leadership","Communication, Problem-Solving, Adaptability, Teamwork, Leadership",Business Analyst,No,1,No networking opportunities,Technical skill training,Self-study
std_187,Lawton Terbruggen,lterbruggen56@sakura.ne.jp,3rd Year,B.Sc Data Science,"Data Analysis, Python, SQL, Excel, R","Communication, Problem-Solving, Adaptability, Teamwork, Leadership",Data Scientist,Yes,2,Interview anxiety,Mentorship programs,College curriculum
std_188,Brit Claussen,bclaussen57@yahoo.co.jp,1st Year,BBA,"Communication, Project Management, Business Strategy, Leadership","Communication, Problem-Solving, Adaptability, Teamwork, Leadership",Business Analyst,No,3,Lack of experience,Technical skill training,Bootcamp
std_189,Molli Wickey,mwickey58@tumblr.com,3rd Year,B.Sc Data Science,"Data Analysis, Python, SQL, Excel, R","Communication, Problem-Solving, Adaptability, Teamwork, Leadership",Data Scientist,Yes,4,No networking opportunities,Mentorship programs,Self-study
std_190,Edna Dobrowlski,edobrowlski59@yellowbook.com,Final Year,BBA,"Communication, Project Management, Business Strategy, Leadership","Communication, Problem-Solving, Adaptability, Teamwork, Leadership",Business Analyst,No,5,Interview anxiety,Technical skill training,College curriculum
std_191,Ian Tewnion,itewnion5a@globo.com,2nd Year,B.Tech IT,"Python, JavaScript, React, SQL, FastAPI, Git","Communication, Problem-Solving, Adaptability, Teamwork, Leadership",Software Developer,Yes,1,Lack of experience,Mentorship programs,Bootcamp
std_192,Paule Robertelli,probertelli5b@squidoo.com,Final Year,B.Sc Data Science,"Data Analysis, Python, SQL, Excel, R","Communication, Problem-Solving, Adaptability, Teamwork, Leadership",Data Scientist,No,2,No networking opportunities,Technical skill training,Self-study
std_193,Theobald Witcherley,twitcherley5c@moonfruit.com,3rd Year,B.Sc Data Science,"Data Analysis, Python, SQL, Excel, R","Communication, Problem-Solving, Adaptability, Teamwork, Leadership",Data Scientist,Yes,3,Interview anxiety,Mentorship programs,College curriculum
std_194,Cindelyn Storrar,cstorrar5d@wiley.com,Final Year,B.Tech IT,"Python, JavaScript, React, SQL, FastAPI, Git","Communication, Problem-Solving, Adaptability, Teamwork, Leadership",Software Developer,No,4,Lack of experience,Technical skill training,Bootcamp
std_195,Barbee Flook,bflook5e@last.fm,2nd Year,B.Tech IT,"Python, JavaScript, React, SQL, FastAPI, Git","Communication, Problem-Solving, Adaptability, Teamwork, Leadership",Software Developer,Yes,5,No networking opportunities,Mentorship programs,Self-study
std_196,Arline McNutt,amcnutt5f@biblegateway.com,1st Year,BBA,"Communication, Project Management, Business Strategy, Leadership","Communication, Problem-Solving, Adaptability, Teamwork, Leadership",Business Analyst,No,1,Interview anxiety,Technical skill training,College curriculum
std_197,Kirby Brettle,kbrettle5g@dmoz.org,1st Year,B.Sc Data Science,"Data Analysis, Python, SQL, Excel, R","Communication, Problem-Solving, Adaptability, Teamwork, Leadership",Data Scientist,Yes,2,Lack of experience,Mentorship programs,Bootcamp
std_198,Kenton Ladon,kladon5h@shop-pro.jp,1st Year,BBA,"Communication, Project Management, Business Strategy, Leadership","Communication, Problem-Solving, Adaptability, Teamwork, Leadership",Business Analyst,No,3,No networking opportunities,Technical skill training,Self-study
std_199,Delmor Scutcheon,dscutcheon5i@time.com,1st Year,B.Sc Data Science,"Data Analysis, Python, SQL, Excel, R","Communication, Problem-Solving, Adaptability, Teamwork, Leadership",Data Scientist,Yes,4,Interview anxiety,Mentorship programs,College curriculum
std_200,Conny McVeagh,cmcveagh5j@odnoklassniki.ru,Final Year,B.Tech CSE,"Python, JavaScript, React, SQL, FastAPI, Git","Communication, Problem-Solving, Adaptability, Teamwork, Leadership",Full Stack Engineer,No,5,Lack of experience,Technical skill training,Bootcamp
std_201,Maurine Hoxey,mhoxey5k@theglobeandmail.com,Final Year,M.Tech AI,"Data Analysis, Python, SQL, Excel, R","Communication, Problem-Solving, Adaptability, Teamwork, Leadership",Data Scientist,Yes,1,No networking opportunities,Mentorship programs,Self-study
std_202,Gratia Wolfarth,gwolfarth5l@alibaba.com,1st Year,BBA,"Communication, Project Management, Business Strategy, Leadership","Communication, Problem-Solving, Adaptability, Teamwork, Leadership",Business Analyst,No,2,Interview anxiety,Technical skill training,College curriculum
std_203,Saleem Frome,sfrome5m@whitehouse.gov,2nd Year,M.Tech AI,"Data Analysis, Python, SQL, Excel, R","Communication, Problem-Solving, Adaptability, Teamwork, Leadership",Data Scientist,Yes,3,Lack of experience,Mentorship programs,Bootcamp
std_204,Alair Acedo,aacedo5n@hubpages.com,Final Year,B.Tech IT,"Python, JavaScript, React, SQL, FastAPI, Git","Communication, Problem-Solving, Adaptability, Teamwork, Leadership",Software Developer,No,4,No networking opportunities,Technical skill training,Self-study
std_205,Yolanda Maylour,ymaylour5o@feedburner.com,Final Year,MBA,"Communication, Project Management, Business Strategy, Leadership","Communication, Problem-Solving, Adaptability, Teamwork, Leadership",Business Analyst,Yes,5,Interview anxiety,Mentorship programs,College curriculum
std_206,Matelda Pumfrey,mpumfrey5p@mac.com,1st Year,BBA,"Communication, Project Management, Business Strategy, Leadership","Communication, Problem-Solving, Adaptability, Teamwork, Leadership",Business Analyst,No,1,Lack of experience,Technical skill training,Bootcamp
std_207,Harv Elijahu,helijahu5q@ft.com,Final Year,MBA,"Communication, Project Management, Business Strategy, Leadership","Communication, Problem-Solving, Adaptability, Teamwork, Leadership",Business Analyst,Yes,2,No networking opportunities,Mentorship programs,Self-study
std_208,Kylila Waud,kwaud5r@va.gov,1st Year,M.Tech AI,"Data Analysis, Python, SQL, Excel, R","Communication, Problem-Solving, Adaptability, Teamwork, Leadership",Data Scientist,No,3,Interview anxiety,Technical skill training,College curriculum
std_209,Ruy Threadgall,rthreadgall5s@chronoengine.com,1st Year,B.Tech IT,"Python, JavaScript, React, SQL, FastAPI, Git","Communication, Problem-Solving, Adaptability, Teamwork, Leadership",Software Developer,Yes,4,Lack of experience,Mentorship programs,Bootcamp
std_210,Evered Standidge,estandidge5t@elpais.com,1st Year,B.Sc Data Science,"Data Analysis, Python, SQL, Excel, R","Communication, Problem-Solving, Adaptability, Teamwork, Leadership",Data Scientist,No,5,No networking opportunities,Technical skill training,Self-study
std_211,Bev Baszkiewicz,bbaszkiewicz5u@time.com,Final Year,MBA,"Communication, Project Management, Business Strategy, Leadership","Communication, Problem-Solving, Adaptability, Teamwork, Leadership",Business Analyst,Yes,1,Interview anxiety,Mentorship programs,College curriculum
std_212,Sigismund Axelbee,saxelbee5v@sogou.com,2nd Year,B.Sc Data Science,"Data Analysis, Python, SQL, Excel, R","Communication, Problem-Solving, Adaptability, Teamwork, Leadership",Data Scientist,No,2,Lack of experience,Technical skill training,Bootcamp
std_213,Quent Portsmouth,qportsmouth5w@ucla.edu,Final Year,MBA,"Communication, Project Management, Business Strategy, Leadership","Communication, Problem-Solving, Adaptability, Teamwork, Leadership",Business Analyst,Yes,3,No networking opportunities,Mentorship programs,Self-study
std_214,Nester Claringbold,nclaringbold5x@themeforest.net,2nd Year,B.Tech CSE,"Python, JavaScript, React, SQL, FastAPI, Git","Communication, Problem-Solving, Adaptability, Teamwork, Leadership",Full Stack Engineer,No,4,Interview anxiety,Technical skill training,College curriculum
std_215,Nicol Balnave,nbalnave5y@ning.com,1st Year,B.Sc Data Science,"Data Analysis, Python, SQL, Excel, R","Communication, Problem-Solving, Adaptability, Teamwork, Leadership",Data Scientist,Yes,5,Lack of experience,Mentorship programs,Bootcamp
std_216,Shawna Rainville,srainville5z@tmall.com,2nd Year,B.Sc Data Science,"Data Analysis, Python, SQL, Excel, R","Communication, Problem-Solving, Adaptability, Teamwork, Leadership",Data Scientist,No,1,No networking opportunities,Technical skill training,Self-study
std_217,Aurthur Verny,averny60@uiuc.edu,2nd Year,BBA,"Communication, Project Management, Business Strategy, Leadership","Communication, Problem-Solving, Adaptability, Teamwork, Leadership",Business Analyst,Yes,2,Interview anxiety,Mentorship programs,College curriculum
std_218,Hakeem Bernot,hbernot61@opera.com,3rd Year,M.Tech AI,"Data Analysis, Python, SQL, Excel, R","Communication, Problem-Solving, Adaptability, Teamwork, Leadership",Data Scientist,No,3,Lack of experience,Technical skill training,Bootcamp
std_219,Olivie Brake,obrake62@rakuten.co.jp,3rd Year,B.Tech IT,"Python, JavaScript, React, SQL, FastAPI, Git","Communication, Problem-Solving, Adaptability, Teamwork, Leadership",Software Developer,Yes,4,No networking opportunities,Mentorship programs,Self-study
std_220,Normand Claydon,nclaydon63@fda.gov,2nd Year,BBA,"Communication, Project Management, Business Strategy, Leadership","Communication, Problem-Solving, Adaptability, Teamwork, Leadership",Business Analyst,No,5,Interview anxiety,Technical skill training,College curriculum
std_221,Jeff D'Agostini,jdagostini64@linkedin.com,Final Year,B.Tech IT,"Python, JavaScript, React, SQL, FastAPI, Git","Communication, Problem-Solving, Adaptability, Teamwork, Leadership",Software Developer,Yes,1,Lack of experience,Mentorship programs,Bootcamp
std_222,Lynea Palatini,lpalatini65@domainmarket.com,Final Year,B.Sc Data Science,"Data Analysis, Python, SQL, Excel, R","Communication, Problem-Solving, Adaptability, Teamwork, Leadership",Data Scientist,No,2,No networking opportunities,Technical skill training,Self-study
std_223,Ruperta Skewis,rskewis66@freewebs.com,2nd Year,M.Tech AI,"Data Analysis, Python, SQL, Excel, R","Communication, Problem-Solving, Adaptability, Teamwork, Leadership",Data Scientist,Yes,3,Interview anxiety,Mentorship programs,College curriculum
std_224,Godwin Kohneke,gkohneke67@usa.gov,3rd Year,BBA,"Communication, Project Management, Business Strategy, Leadership","Communication, Problem-Solving, Adaptability, Teamwork, Leadership",Business Analyst,No,4,Lack of experience,Technical skill training,Bootcamp
std_225,Alayne Drew,adrew68@mozilla.org,1st Year,MBA,"Communication, Project Management, Business Strategy, Leadership","Communication, Problem-Solving, Adaptability, Teamwork, Leadership",Business Analyst,Yes,5,No networking opportunities,Mentorship programs,Self-study
std_226,Renelle Midlane,rmidlane69@istockphoto.com,2nd Year,B.Tech IT,"Python, JavaScript, React, SQL, FastAPI, Git","Communication, Problem-Solving, Adaptability, Teamwork, Leadership",Software Developer,No,1,Interview anxiety,Technical skill training,College curriculum
std_227,Marc Pinxton,mpinxton6a@spiegel.de,3rd Year,M.Tech AI,"Data Analysis, Python, SQL, Excel, R","Communication, Problem-Solving, Adaptability, Teamwork, Leadership",Data Scientist,Yes,2,Lack of experience,Mentorship programs,Bootcamp
std_228,Krishna Massard,kmassard6b@cam.ac.uk,2nd Year,MBA,"Communication, Project Management, Business Strategy, Leadership","Communication, Problem-Solving, Adaptability, Teamwork, Leadership",Business Analyst,No,3,No networking opportunities,Technical skill training,Self-study
std_229,Stavro Havercroft,shavercroft6c@netvibes.com,3rd Year,BBA,"Communication, Project Management, Business Strategy, Leadership","Communication, Problem-Solving, Adaptability, Teamwork, Leadership",Business Analyst,Yes,4,Interview anxiety,Mentorship programs,College curriculum
std_230,Thekla McCarrick,tmccarrick6d@house.gov,2nd Year,MBA,"Communication, Project Management, Business Strategy, Leadership","Communication, Problem-Solving, Adaptability, Teamwork, Leadership",Business Analyst,No,5,Lack of experience,Technical skill training,Bootcamp
std_231,Leonanie Noseworthy,lnoseworthy6e@ed.gov,1st Year,M.Tech AI,"Data Analysis, Python, SQL, Excel, R","Communication, Problem-Solving, Adaptability, Teamwork, Leadership",Data Scientist,Yes,1,No networking opportunities,Mentorship programs,Self-study
std_232,Worthington Attreed,wattreed6f@nbcnews.com,2nd Year,B.Tech CSE,"Python, JavaScript, React, SQL, FastAPI, Git","Communication, Problem-Solving, Adaptability, Teamwork, Leadership",Full Stack Engineer,No,2,Interview anxiety,Technical skill training,College curriculum
std_233,Hubert Hachette,hhachette6g@indiegogo.com,1st Year,B.Tech CSE,"Python, JavaScript, React, SQL, FastAPI, Git","Communication, Problem-Solving, Adaptability, Teamwork, Leadership",Full Stack Engineer,Yes,3,Lack of experience,Mentorship programs,Bootcamp
std_234,Miguel Hinrichs,mhinrichs6h@chicagotribune.com,Final Year,B.Sc Data Science,"Data Analysis, Python, SQL, Excel, R","Communication, Problem-Solving, Adaptability, Teamwork, Leadership",Data Scientist,No,4,No networking opportunities,Technical skill training,Self-study
std_235,Morse Thurston,mthurston6i@4shared.com,3rd Year,BBA,"Communication, Project Management, Business Strategy, Leadership","Communication, Problem-Solving, Adaptability, Teamwork, Leadership",Business Analyst,Yes,5,Interview anxiety,Mentorship programs,College curriculum
std_236,Mollie Donner,mdonner6j@mozilla.org,2nd Year,BBA,"Communication, Project Management, Business Strategy, Leadership","Communication, Problem-Solving, Adaptability, Teamwork, Leadership",Business Analyst,No,1,Lack of experience,Technical skill training,Bootcamp
std_237,Farrand Fardy,ffardy6k@webeden.co.uk,Final Year,B.Tech IT,"Python, JavaScript, React, SQL, FastAPI, Git","Communication, Problem-Solving, Adaptability, Teamwork, Leadership",Software Developer,Yes,2,No networking opportunities,Mentorship programs,Self-study
std_238,Theo Ashwell,tashwell6l@xinhuanet.com,3rd Year,B.Tech IT,"Python, JavaScript, React, SQL, FastAPI, Git","Communication, Problem-Solving, Adaptability, Teamwork, Leadership",Software Developer,No,3,Interview anxiety,Technical skill training,College curriculum
std_239,Elsey Crebbin,ecrebbin6m@scientificamerican.com,2nd Year,B.Sc Data Science,"Data Analysis, Python, SQL, Excel, R","Communication, Problem-Solving, Adaptability, Teamwork, Leadership",Data Scientist,Yes,4,Lack of experience,Mentorship programs,Bootcamp
std_240,Benni Harbison,bharbison6n@friendfeed.com,3rd Year,B.Sc Data Science,"Data Analysis, Python, SQL, Excel, R","Communication, Problem-Solving, Adaptability, Teamwork, Leadership",Data Scientist,No,5,No networking opportunities,Technical skill training,Self-study
std_241,Dud Aitchinson,daitchinson6o@eepurl.com,1st Year,BBA,"Communication, Project Management, Business Strategy, Leadership","Communication, Problem-Solving, Adaptability, Teamwork, Leadership",Business Analyst,Yes,1,Interview anxiety,Mentorship programs,College curriculum
std_242,Benedicta Charnick,bcharnick6p@slashdot.org,2nd Year,M.Tech AI,"Data Analysis, Python, SQL, Excel, R","Communication, Problem-Solving, Adaptability, Teamwork, Leadership",Data Scientist,No,2,Lack of experience,Technical skill training,Bootcamp
std_243,Pauletta Olsson,polsson6q@globo.com,1st Year,B.Tech CSE,"Python, JavaScript, React, SQL, FastAPI, Git","Communication, Problem-Solving, Adaptability, Teamwork, Leadership",Full Stack Engineer,Yes,3,No networking opportunities,Mentorship programs,Self-study
std_244,Lonnie Dansken,ldansken6r@hostgator.com,Final Year,MBA,"Communication, Project Management, Business Strategy, Leadership","Communication, Problem-Solving, Adaptability, Teamwork, Leadership",Business Analyst,No,4,Interview anxiety,Technical skill training,College curriculum
std_245,Xaviera Romanin,xromanin6s@github.com,3rd Year,B.Tech CSE,"Python, JavaScript, React, SQL, FastAPI, Git","Communication, Problem-Solving, Adaptability, Teamwork, Leadership",Full Stack Engineer,Yes,5,Lack of experience,Mentorship programs,Bootcamp
std_246,Genvieve Gurry,ggurry6t@cnet.com,1st Year,B.Tech CSE,"Python, JavaScript, React, SQL, FastAPI, Git","Communication, Problem-Solving, Adaptability, Teamwork, Leadership",Full Stack Engineer,No,1,No networking opportunities,Technical skill training,Self-study
std_247,Christopher Fansy,cfansy6u@canalblog.com,2nd Year,B.Tech CSE,"Python, JavaScript, React, SQL, FastAPI, Git","Communication, Problem-Solving, Adaptability, Teamwork, Leadership",Full Stack Engineer,Yes,2,Interview anxiety,Mentorship programs,College curriculum
std_248,Chantalle Doche,cdoche6v@webmd.com,1st Year,M.Tech AI,"Data Analysis, Python, SQL, Excel, R","Communication, Problem-Solving, Adaptability, Teamwork, Leadership",Data Scientist,No,3,Lack of experience,Technical skill training,Bootcamp
std_249,Lowell Tydd,ltydd6w@seesaa.net,1st Year,B.Tech CSE,"Python, JavaScript, React, SQL, FastAPI, Git","Communication, Problem-Solving, Adaptability, Teamwork, Leadership",Full Stack Engineer,Yes,4,No networking opportunities,Mentorship programs,Self-study
std_250,Rufe Stanislaw,rstanislaw6x@symantec.com,Final Year,MBA,"Communication, Project Management, Business Strategy, Leadership","Communication, Problem-Solving, Adaptability, Teamwork, Leadership",Business Analyst,No,5,Interview anxiety,Technical skill training,College curriculum
std_251,Linzy Ord,lord6y@washingtonpost.com,1st Year,B.Sc Data Science,"Data Analysis, Python, SQL, Excel, R","Communication, Problem-Solving, Adaptability, Teamwork, Leadership",Data Scientist,Yes,1,Lack of experience,Mentorship programs,Bootcamp
std_252,Bern Bagworth,bbagworth6z@mysql.com,1st Year,BBA,"Communication, Project Management, Business Strategy, Leadership","Communication, Problem-Solving, Adaptability, Teamwork, Leadership",Business Analyst,No,2,No networking opportunities,Technical skill training,Self-study
std_253,Jasper Grabham,jgrabham70@redcross.org,3rd Year,M.Tech AI,"Data Analysis, Python, SQL, Excel, R","Communication, Problem-Solving, Adaptability, Teamwork, Leadership",Data Scientist,Yes,3,Interview anxiety,Mentorship programs,College curriculum
std_254,Renelle Finney,rfinney71@t-online.de,2nd Year,B.Tech CSE,"Python, JavaScript, React, SQL, FastAPI, Git","Communication, Problem-Solving, Adaptability, Teamwork, Leadership",Full Stack Engineer,No,4,Lack of experience,Technical skill training,Bootcamp
std_255,Pepita Rahl,prahl72@yandex.ru,Final Year,B.Tech IT,"Python, JavaScript, React, SQL, FastAPI, Git","Communication, Problem-Solving, Adaptability, Teamwork, Leadership",Software Developer,Yes,5,No networking opportunities,Mentorship programs,Self-study
std_256,Florrie Kubiak,fkubiak73@adobe.com,1st Year,B.Tech IT,"Python, JavaScript, React, SQL, FastAPI, Git","Communication, Problem-Solving, Adaptability, Teamwork, Leadership",Software Developer,No,1,Interview anxiety,Technical skill training,College curriculum
std_257,Ibby Frid,ifrid74@guardian.co.uk,2nd Year,B.Sc Data Science,"Data Analysis, Python, SQL, Excel, R","Communication, Problem-Solving, Adaptability, Teamwork, Leadership",Data Scientist,Yes,2,Lack of experience,Mentorship programs,Bootcamp
std_258,Link Grout,lgrout75@devhub.com,1st Year,MBA,"Communication, Project Management, Business Strategy, Leadership","Communication, Problem-Solving, Adaptability, Teamwork, Leadership",Business Analyst,No,3,No networking opportunities,Technical skill training,Self-study
std_259,Agnes Fasham,afasham76@clickbank.net,1st Year,B.Sc Data Science,"Data Analysis, Python, SQL, Excel, R","Communication, Problem-Solving, Adaptability, Teamwork, Leadership",Data Scientist,Yes,4,Interview anxiety,Mentorship programs,College curriculum
std_260,Veronique Spritt,vspritt77@woothemes.com,3rd Year,M.Tech AI,"Data Analysis, Python, SQL, Excel, R","Communication, Problem-Solving, Adaptability, Teamwork, Leadership",Data Scientist,No,5,Lack of experience,Technical skill training,Bootcamp
std_261,Cyndie Hill,chill78@msu.edu,2nd Year,B.Tech CSE,"Python, JavaScript, React, SQL, FastAPI, Git","Communication, Problem-Solving, Adaptability, Teamwork, Leadership",Full Stack Engineer,Yes,1,No networking opportunities,Mentorship programs,Self-study
std_262,Jammie Linay,jlinay79@sourceforge.net,2nd Year,B.Tech IT,"Python, JavaScript, React, SQL, FastAPI, Git","Communication, Problem-Solving, Adaptability, Teamwork, Leadership",Software Developer,No,2,Interview anxiety,Technical skill training,College curriculum
std_263,Vivie Bruneau,vbruneau7a@theatlantic.com,3rd Year,B.Tech IT,"Python, JavaScript, React, SQL, FastAPI, Git","Communication, Problem-Solving, Adaptability, Teamwork, Leadership",Software Developer,Yes,3,Lack of experience,Mentorship programs,Bootcamp
std_264,Stefan Dellenbrok,sdellenbrok7b@npr.org,1st Year,M.Tech AI,"Data Analysis, Python, SQL, Excel, R","Communication, Problem-Solving, Adaptability, Teamwork, Leadership",Data Scientist,No,4,No networking opportunities,Technical skill training,Self-study
